CREATE TABLE "Ator" ("idProjeto" INTEGER REFERENCES "Projeto" ("idProjeto") ON DELETE CASCADE ON UPDATE CASCADE, "idAtor" INTEGER PRIMARY KEY, "nomeAtor" VARCHAR (20) NOT NULL);
CREATE TABLE "CasoDeUso" ("idProjeto" INTEGER REFERENCES "Projeto" ("idProjeto") ON DELETE CASCADE ON UPDATE CASCADE, "idCasoDeUso" INTEGER PRIMARY KEY AUTOINCREMENT, "nomeCasoDeUso" VARCHAR (50) NOT NULL, "objetivo" VARCHAR (50) NOT NULL, "escopo" VARCHAR (50) NOT NULL, "nivel" VARCHAR (50) NOT NULL, "idAtorPrimario" INTEGER REFERENCES "Ator" ("idAtor") ON DELETE CASCADE ON UPDATE CASCADE, "idAtorSuporte" INTEGER REFERENCES "Ator" ("idAtor") ON DELETE CASCADE ON UPDATE CASCADE, "preCondicao" VARCHAR (50), "posCondicao" VARCHAR (50));
CREATE TABLE "Extensao" ("idExtensao" INTEGER PRIMARY KEY AUTOINCREMENT, "idCasoDeUso" INTEGER REFERENCES "CasoDeUso" ("idCasoDeUso") ON DELETE CASCADE ON UPDATE CASCADE, "idCasoDeUsoMaster" INTEGER REFERENCES "CasoDeUso" ("idCasoDeUso") ON DELETE CASCADE ON UPDATE CASCADE, "tipoExtensao" TEXT NOT NULL, "informacaoExtensao" TEXT NOT NULL, "idFluxoPosicao" INTEGER REFERENCES "Fluxo" ("idFluxo") ON DELETE CASCADE ON UPDATE CASCADE);
CREATE TABLE "Fluxo" ("idFluxo" INTEGER PRIMARY KEY AUTOINCREMENT, "idCasoDeUso" INTEGER NOT NULL REFERENCES "CasoDeUso" ("idCasoDeUso") ON DELETE CASCADE ON UPDATE CASCADE DEFERRABLE, "idFluxoMaster" INTEGER REFERENCES "Fluxo" ("idFluxo") ON DELETE CASCADE ON UPDATE CASCADE DEFERRABLE, "posicaoFluxo" INTEGER NOT NULL, "informacaoFluxo" VARCHAR (50) NOT NULL, "tipoAlternativo" BOOLEAN);
CREATE TABLE "Projeto" ("idProjeto" INTEGER PRIMARY KEY AUTOINCREMENT, "nomeProjeto" VARCHAR (20) NOT NULL UNIQUE, "dataCriacao" DATE NOT NULL, "dataModificacao" DATE NOT NULL);
INSERT INTO "Ator" ( "idProjeto","idAtor","nomeAtor" ) VALUES ( '32','1','Ator Brasil 1' );
INSERT INTO "Ator" ( "idProjeto","idAtor","nomeAtor" ) VALUES ( '32','2','Ator Brasil 2' );
INSERT INTO "Ator" ( "idProjeto","idAtor","nomeAtor" ) VALUES ( '32','3','Ator Brasil 3' );
INSERT INTO "Ator" ( "idProjeto","idAtor","nomeAtor" ) VALUES ( '32','4','Ator Brasil 4' );
INSERT INTO "Ator" ( "idProjeto","idAtor","nomeAtor" ) VALUES ( '33','5','Ator Argentina 1' );
INSERT INTO "Ator" ( "idProjeto","idAtor","nomeAtor" ) VALUES ( '33','6','Ator Argentina 2' );
INSERT INTO "CasoDeUso" ( "idProjeto","idCasoDeUso","nomeCasoDeUso","objetivo","escopo","nivel","idAtorPrimario","idAtorSuporte","preCondicao","posCondicao" ) VALUES ( '32','42','CDU Brasil 2','OBJ Brasil 2','ESC Brasil 2','NIV Brasil 2','3','0','PRE Brasil 2','POS Brasil 2' );
INSERT INTO "CasoDeUso" ( "idProjeto","idCasoDeUso","nomeCasoDeUso","objetivo","escopo","nivel","idAtorPrimario","idAtorSuporte","preCondicao","posCondicao" ) VALUES ( '32','43','CDU Brasil 2','OBJ Brasil 2','ESC Brasil 2','NIV Brasil 2','3','0','PRE Brasil 2','POS Brasil 2' );
INSERT INTO "CasoDeUso" ( "idProjeto","idCasoDeUso","nomeCasoDeUso","objetivo","escopo","nivel","idAtorPrimario","idAtorSuporte","preCondicao","posCondicao" ) VALUES ( '33','44','CDU Brasil 2','OBJ Brasil 2','ESC Brasil 2','NIV Brasil 2','3','0','PRE Brasil 2','POS Brasil 2' );
INSERT INTO "CasoDeUso" ( "idProjeto","idCasoDeUso","nomeCasoDeUso","objetivo","escopo","nivel","idAtorPrimario","idAtorSuporte","preCondicao","posCondicao" ) VALUES ( '33','51','dsa','dsa','dsa','dsa','6','5','dsa','das' );
INSERT INTO "Extensao" ( "idExtensao","idCasoDeUso","idCasoDeUsoMaster","tipoExtensao","informacaoExtensao","idFluxoPosicao" ) VALUES ( '8','42','43','Include','Brasil 2 Extensao INCLUDE 1','189' );
INSERT INTO "Extensao" ( "idExtensao","idCasoDeUso","idCasoDeUsoMaster","tipoExtensao","informacaoExtensao","idFluxoPosicao" ) VALUES ( '9','42','43','Extend','Brasil 2 Extensao EXTEND 2','191' );
INSERT INTO "Fluxo" ( "idFluxo","idCasoDeUso","idFluxoMaster","posicaoFluxo","informacaoFluxo","tipoAlternativo" ) VALUES ( '172','42',NULL,'1','Brasil 1 fluxo 1','0' );
INSERT INTO "Fluxo" ( "idFluxo","idCasoDeUso","idFluxoMaster","posicaoFluxo","informacaoFluxo","tipoAlternativo" ) VALUES ( '173','42',NULL,'2','Brasil 1 fluxo 2','0' );
INSERT INTO "Fluxo" ( "idFluxo","idCasoDeUso","idFluxoMaster","posicaoFluxo","informacaoFluxo","tipoAlternativo" ) VALUES ( '174','42',NULL,'3','Brasil 1 fluxo 3','0' );
INSERT INTO "Fluxo" ( "idFluxo","idCasoDeUso","idFluxoMaster","posicaoFluxo","informacaoFluxo","tipoAlternativo" ) VALUES ( '175','42','172','1','Brasil 1 fluxo1a','1' );
INSERT INTO "Fluxo" ( "idFluxo","idCasoDeUso","idFluxoMaster","posicaoFluxo","informacaoFluxo","tipoAlternativo" ) VALUES ( '176','42','172','2','Brasil 1 fluxo 1b','1' );
INSERT INTO "Fluxo" ( "idFluxo","idCasoDeUso","idFluxoMaster","posicaoFluxo","informacaoFluxo","tipoAlternativo" ) VALUES ( '177','42','172','3','Brasil 1 fluxo 1c','1' );
INSERT INTO "Fluxo" ( "idFluxo","idCasoDeUso","idFluxoMaster","posicaoFluxo","informacaoFluxo","tipoAlternativo" ) VALUES ( '178','42','173','1','Brasil 1 fluxo 2a','1' );
INSERT INTO "Fluxo" ( "idFluxo","idCasoDeUso","idFluxoMaster","posicaoFluxo","informacaoFluxo","tipoAlternativo" ) VALUES ( '179','42','178','1','Brasil 1 fluxo 1','0' );
INSERT INTO "Fluxo" ( "idFluxo","idCasoDeUso","idFluxoMaster","posicaoFluxo","informacaoFluxo","tipoAlternativo" ) VALUES ( '180','42','175','1','Brasil 1 fluxo 1','0' );
INSERT INTO "Fluxo" ( "idFluxo","idCasoDeUso","idFluxoMaster","posicaoFluxo","informacaoFluxo","tipoAlternativo" ) VALUES ( '181','42','176','1','Brasil 1 fluxo 1','0' );
INSERT INTO "Fluxo" ( "idFluxo","idCasoDeUso","idFluxoMaster","posicaoFluxo","informacaoFluxo","tipoAlternativo" ) VALUES ( '182','42','177','1','Brasil 1 fluxo 1','0' );
INSERT INTO "Fluxo" ( "idFluxo","idCasoDeUso","idFluxoMaster","posicaoFluxo","informacaoFluxo","tipoAlternativo" ) VALUES ( '183','42','175','2','Brasil 1 fluxo 2','0' );
INSERT INTO "Fluxo" ( "idFluxo","idCasoDeUso","idFluxoMaster","posicaoFluxo","informacaoFluxo","tipoAlternativo" ) VALUES ( '184','42','175','3','Brasil 1 fluxo 3','0' );
INSERT INTO "Fluxo" ( "idFluxo","idCasoDeUso","idFluxoMaster","posicaoFluxo","informacaoFluxo","tipoAlternativo" ) VALUES ( '185','42','177','2','Brasil 1 fluxo 2','0' );
INSERT INTO "Fluxo" ( "idFluxo","idCasoDeUso","idFluxoMaster","posicaoFluxo","informacaoFluxo","tipoAlternativo" ) VALUES ( '186','43',NULL,'1','Brasil 2 Fluxo 1','0' );
INSERT INTO "Fluxo" ( "idFluxo","idCasoDeUso","idFluxoMaster","posicaoFluxo","informacaoFluxo","tipoAlternativo" ) VALUES ( '187','43',NULL,'2','Brasil 2 Fluxo 2','0' );
INSERT INTO "Fluxo" ( "idFluxo","idCasoDeUso","idFluxoMaster","posicaoFluxo","informacaoFluxo","tipoAlternativo" ) VALUES ( '188','43','187','1','Brasil 2 Fluxo2.a','1' );
INSERT INTO "Fluxo" ( "idFluxo","idCasoDeUso","idFluxoMaster","posicaoFluxo","informacaoFluxo","tipoAlternativo" ) VALUES ( '189','43','188','1','Brasil 2 Fluxo 2a. 1','0' );
INSERT INTO "Fluxo" ( "idFluxo","idCasoDeUso","idFluxoMaster","posicaoFluxo","informacaoFluxo","tipoAlternativo" ) VALUES ( '190','43','187','2','Brasil 2 Fluxo 2b','1' );
INSERT INTO "Fluxo" ( "idFluxo","idCasoDeUso","idFluxoMaster","posicaoFluxo","informacaoFluxo","tipoAlternativo" ) VALUES ( '191','43','190','1','Brasil 2 Fluxo 2b. 1','0' );
INSERT INTO "Fluxo" ( "idFluxo","idCasoDeUso","idFluxoMaster","posicaoFluxo","informacaoFluxo","tipoAlternativo" ) VALUES ( '192','44',NULL,'1','Argentina Fluxo 1','0' );
INSERT INTO "Projeto" ( "idProjeto","nomeProjeto","dataCriacao","dataModificacao" ) VALUES ( '33','Argentina','2014-12-08','2015-01-12' );
INSERT INTO "Projeto" ( "idProjeto","nomeProjeto","dataCriacao","dataModificacao" ) VALUES ( '32','Brasil','2014-12-08','2014-12-08' );
INSERT INTO "Projeto" ( "idProjeto","nomeProjeto","dataCriacao","dataModificacao" ) VALUES ( '35','teste','2015-01-12','2015-01-12' );
